prompt,token_count,type,topic
"
以下是一份关于5G技术的详细报告，请进行深入分析并给出详细报告：

背景介绍：
作为新兴技术领域的重要分支，该方向受到学术界和产业界的广泛关注。近五年来，相关研究论文数量增长了300%，专利申请数量更是翻了四倍。多个国际科技巨头也相继布局。

主要内容：
从市场结构看，分为三个主要层次：底层基础设施提供商、中间件服务商和应用解决方案提供商。市场集中度较高，头部企业占据了80%的市场份额。

技术细节：
核心技术架构包括：1. 分布式计算框架，支持大规模并行处理；2. 数据处理引擎，实现实时分析；3. 智能决策系统，提供自适应优化。系统性能达到业界领先水平，平均响应时间小于10ms。

应用场景：
典型应用场景包括：智慧城市建设、工业自动化、医疗诊断、金融风控等。其中，在智慧城市项目中，已实现交通流量优化、能源管理和环境监测等功能，效益显著。

发展趋势：
预计在未来3-5年内，该领域将迎来几个重要突破：算法效率提升10倍、能耗降低50%、部署成本降低60%。这些进展将极大推动行业发展。

问题与挑战：
当前面临的主要挑战包括：1. 技术标准尚未统一，制约了行业发展；2. 成本仍然较高，影响推广速度；3. 人才供给不足，特别是高端人才稀缺；4. 安全性问题需要进一步解决。
",310,long_input_long_output,5G技术
"
以下是一份关于人工智能的详细报告，请进行深入分析并给出详细报告：

背景介绍：
该领域近年来发展迅速，投资规模持续扩大。根据最新统计，全球市场规模已超过万亿美元，年增长率保持在30%以上。主要发达国家都将其列为重点发展方向，并投入大量研发资源。

主要内容：
从市场结构看，分为三个主要层次：底层基础设施提供商、中间件服务商和应用解决方案提供商。市场集中度较高，头部企业占据了80%的市场份额。

技术细节：
核心技术架构包括：1. 分布式计算框架，支持大规模并行处理；2. 数据处理引擎，实现实时分析；3. 智能决策系统，提供自适应优化。系统性能达到业界领先水平，平均响应时间小于10ms。

应用场景：
典型应用场景包括：智慧城市建设、工业自动化、医疗诊断、金融风控等。其中，在智慧城市项目中，已实现交通流量优化、能源管理和环境监测等功能，效益显著。

发展趋势：
行业发展呈现出明显的趋势：技术持续创新、应用不断深化、生态日益完善。预计到2025年，市场规模将突破5万亿美元，年均增长率保持在40%以上。

问题与挑战：
存在的问题主要有：技术成熟度有待提高、商业模式需要验证、行业标准不统一、人才储备不足等。这些问题需要产业链各方共同努力解决。
",283,long_input_long_output,人工智能
"
以下是一份关于区块链的详细报告，请进行深入分析并给出详细报告：

背景介绍：
作为新兴技术领域的重要分支，该方向受到学术界和产业界的广泛关注。近五年来，相关研究论文数量增长了300%，专利申请数量更是翻了四倍。多个国际科技巨头也相继布局。

主要内容：
从市场结构看，分为三个主要层次：底层基础设施提供商、中间件服务商和应用解决方案提供商。市场集中度较高，头部企业占据了80%的市场份额。

技术细节：
技术实现基于云原生架构，采用容器化和微服务设计，支持多云部署和动态扩缩容。系统可靠性达到99.999%，年故障停机时间小于5分钟。

应用场景：
目前已在多个行业实现规模化应用，包括：制造业的智能生产线、金融业的风险控制系统、医疗行业的辅助诊断系统等。使用该技术的企业平均效率提升40%，成本降低25%。

发展趋势：
行业发展呈现出明显的趋势：技术持续创新、应用不断深化、生态日益完善。预计到2025年，市场规模将突破5万亿美元，年均增长率保持在40%以上。

问题与挑战：
存在的问题主要有：技术成熟度有待提高、商业模式需要验证、行业标准不统一、人才储备不足等。这些问题需要产业链各方共同努力解决。
",278,long_input_long_output,区块链
"
以下是一份关于量子计算的详细报告，请进行深入分析并给出详细报告：

背景介绍：
该领域近年来发展迅速，投资规模持续扩大。根据最新统计，全球市场规模已超过万亿美元，年增长率保持在30%以上。主要发达国家都将其列为重点发展方向，并投入大量研发资源。

主要内容：
从技术发展来看，主要呈现出三个特点：第一，技术创新速度加快，新的突破持续涌现；第二，应用场景不断拓展，已渗透到各个行业；第三，产业生态逐步成熟，形成了完整的供应链。

技术细节：
技术实现基于云原生架构，采用容器化和微服务设计，支持多云部署和动态扩缩容。系统可靠性达到99.999%，年故障停机时间小于5分钟。

应用场景：
典型应用场景包括：智慧城市建设、工业自动化、医疗诊断、金融风控等。其中，在智慧城市项目中，已实现交通流量优化、能源管理和环境监测等功能，效益显著。

发展趋势：
行业发展呈现出明显的趋势：技术持续创新、应用不断深化、生态日益完善。预计到2025年，市场规模将突破5万亿美元，年均增长率保持在40%以上。

问题与挑战：
存在的问题主要有：技术成熟度有待提高、商业模式需要验证、行业标准不统一、人才储备不足等。这些问题需要产业链各方共同努力解决。
",279,long_input_long_output,量子计算
"
以下是一份关于元宇宙的详细报告，请进行深入分析并给出详细报告：

背景介绍：
作为新兴技术领域的重要分支，该方向受到学术界和产业界的广泛关注。近五年来，相关研究论文数量增长了300%，专利申请数量更是翻了四倍。多个国际科技巨头也相继布局。

主要内容：
行业发展呈现出明显的区域性特征。北美地区在基础研究和技术创新上保持领先；亚太地区在应用落地和市场规模上增长最快；欧洲在标准制定和行业规范上贡献显著。

技术细节：
核心技术架构包括：1. 分布式计算框架，支持大规模并行处理；2. 数据处理引擎，实现实时分析；3. 智能决策系统，提供自适应优化。系统性能达到业界领先水平，平均响应时间小于10ms。

应用场景：
在智能制造领域，该技术已成功应用于生产线优化、质量控制和预测性维护，帮助企业提升生产效率30%以上，减少设备故障率50%。在金融领域，用于风险控制和智能投顾，准确率达到95%。

发展趋势：
未来发展趋势主要体现在三个方面：1. 技术融合加深，与AI、5G等新技术深度结合；2. 应用场景扩展，向更多垂直领域渗透；3. 产业链整合，形成更完善的生态系统。

问题与挑战：
当前面临的主要挑战包括：1. 技术标准尚未统一，制约了行业发展；2. 成本仍然较高，影响推广速度；3. 人才供给不足，特别是高端人才稀缺；4. 安全性问题需要进一步解决。
",336,long_input_long_output,元宇宙
"
以下是一份关于自动驾驶的详细报告，请进行深入分析并给出详细报告：

背景介绍：
该领域近年来发展迅速，投资规模持续扩大。根据最新统计，全球市场规模已超过万亿美元，年增长率保持在30%以上。主要发达国家都将其列为重点发展方向，并投入大量研发资源。

主要内容：
行业发展呈现出明显的区域性特征。北美地区在基础研究和技术创新上保持领先；亚太地区在应用落地和市场规模上增长最快；欧洲在标准制定和行业规范上贡献显著。

技术细节：
技术实现基于云原生架构，采用容器化和微服务设计，支持多云部署和动态扩缩容。系统可靠性达到99.999%，年故障停机时间小于5分钟。

应用场景：
典型应用场景包括：智慧城市建设、工业自动化、医疗诊断、金融风控等。其中，在智慧城市项目中，已实现交通流量优化、能源管理和环境监测等功能，效益显著。

发展趋势：
未来发展趋势主要体现在三个方面：1. 技术融合加深，与AI、5G等新技术深度结合；2. 应用场景扩展，向更多垂直领域渗透；3. 产业链整合，形成更完善的生态系统。

问题与挑战：
存在的问题主要有：技术成熟度有待提高、商业模式需要验证、行业标准不统一、人才储备不足等。这些问题需要产业链各方共同努力解决。
",280,long_input_long_output,自动驾驶
"
以下是一份关于自动驾驶的详细报告，请进行深入分析并给出详细报告：

背景介绍：
在数字化转型的大背景下，该技术已成为产业升级的关键推动力。企业对相关解决方案的需求持续增长，市场规模预计在2025年将达到2万亿美元。

主要内容：
从市场结构看，分为三个主要层次：底层基础设施提供商、中间件服务商和应用解决方案提供商。市场集中度较高，头部企业占据了80%的市场份额。

技术细节：
核心技术架构包括：1. 分布式计算框架，支持大规模并行处理；2. 数据处理引擎，实现实时分析；3. 智能决策系统，提供自适应优化。系统性能达到业界领先水平，平均响应时间小于10ms。

应用场景：
典型应用场景包括：智慧城市建设、工业自动化、医疗诊断、金融风控等。其中，在智慧城市项目中，已实现交通流量优化、能源管理和环境监测等功能，效益显著。

发展趋势：
行业发展呈现出明显的趋势：技术持续创新、应用不断深化、生态日益完善。预计到2025年，市场规模将突破5万亿美元，年均增长率保持在40%以上。

问题与挑战：
主要挑战体现在：技术创新难度加大、应用成本居高不下、人才供给不足、安全风险增加等方面。解决这些问题需要长期投入和行业协作。
",275,long_input_long_output,自动驾驶
"
以下是一份关于物联网的详细报告，请进行深入分析并给出详细报告：

背景介绍：
作为新兴技术领域的重要分支，该方向受到学术界和产业界的广泛关注。近五年来，相关研究论文数量增长了300%，专利申请数量更是翻了四倍。多个国际科技巨头也相继布局。

主要内容：
从技术发展来看，主要呈现出三个特点：第一，技术创新速度加快，新的突破持续涌现；第二，应用场景不断拓展，已渗透到各个行业；第三，产业生态逐步成熟，形成了完整的供应链。

技术细节：
关键技术指标：处理延迟<100ms，准确率>99.9%，系统吞吐量>10000QPS。采用最新的微服务架构，支持容器化部署，具备强大的扩展能力和容错能力。

应用场景：
典型应用场景包括：智慧城市建设、工业自动化、医疗诊断、金融风控等。其中，在智慧城市项目中，已实现交通流量优化、能源管理和环境监测等功能，效益显著。

发展趋势：
预计在未来3-5年内，该领域将迎来几个重要突破：算法效率提升10倍、能耗降低50%、部署成本降低60%。这些进展将极大推动行业发展。

问题与挑战：
主要挑战体现在：技术创新难度加大、应用成本居高不下、人才供给不足、安全风险增加等方面。解决这些问题需要长期投入和行业协作。
",288,long_input_long_output,物联网
"
以下是一份关于区块链的详细报告，请进行深入分析并给出详细报告：

背景介绍：
该领域近年来发展迅速，投资规模持续扩大。根据最新统计，全球市场规模已超过万亿美元，年增长率保持在30%以上。主要发达国家都将其列为重点发展方向，并投入大量研发资源。

主要内容：
从技术发展来看，主要呈现出三个特点：第一，技术创新速度加快，新的突破持续涌现；第二，应用场景不断拓展，已渗透到各个行业；第三，产业生态逐步成熟，形成了完整的供应链。

技术细节：
关键技术指标：处理延迟<100ms，准确率>99.9%，系统吞吐量>10000QPS。采用最新的微服务架构，支持容器化部署，具备强大的扩展能力和容错能力。

应用场景：
典型应用场景包括：智慧城市建设、工业自动化、医疗诊断、金融风控等。其中，在智慧城市项目中，已实现交通流量优化、能源管理和环境监测等功能，效益显著。

发展趋势：
行业发展呈现出明显的趋势：技术持续创新、应用不断深化、生态日益完善。预计到2025年，市场规模将突破5万亿美元，年均增长率保持在40%以上。

问题与挑战：
存在的问题主要有：技术成熟度有待提高、商业模式需要验证、行业标准不统一、人才储备不足等。这些问题需要产业链各方共同努力解决。
",284,long_input_long_output,区块链
"
以下是一份关于物联网的详细报告，请进行深入分析并给出详细报告：

背景介绍：
作为新兴技术领域的重要分支，该方向受到学术界和产业界的广泛关注。近五年来，相关研究论文数量增长了300%，专利申请数量更是翻了四倍。多个国际科技巨头也相继布局。

主要内容：
从市场结构看，分为三个主要层次：底层基础设施提供商、中间件服务商和应用解决方案提供商。市场集中度较高，头部企业占据了80%的市场份额。

技术细节：
技术实现基于云原生架构，采用容器化和微服务设计，支持多云部署和动态扩缩容。系统可靠性达到99.999%，年故障停机时间小于5分钟。

应用场景：
典型应用场景包括：智慧城市建设、工业自动化、医疗诊断、金融风控等。其中，在智慧城市项目中，已实现交通流量优化、能源管理和环境监测等功能，效益显著。

发展趋势：
行业发展呈现出明显的趋势：技术持续创新、应用不断深化、生态日益完善。预计到2025年，市场规模将突破5万亿美元，年均增长率保持在40%以上。

问题与挑战：
当前面临的主要挑战包括：1. 技术标准尚未统一，制约了行业发展；2. 成本仍然较高，影响推广速度；3. 人才供给不足，特别是高端人才稀缺；4. 安全性问题需要进一步解决。
",296,long_input_long_output,物联网
"
以下是一份关于自动驾驶的详细报告，请进行深入分析并给出详细报告：

背景介绍：
作为新兴技术领域的重要分支，该方向受到学术界和产业界的广泛关注。近五年来，相关研究论文数量增长了300%，专利申请数量更是翻了四倍。多个国际科技巨头也相继布局。

主要内容：
从市场结构看，分为三个主要层次：底层基础设施提供商、中间件服务商和应用解决方案提供商。市场集中度较高，头部企业占据了80%的市场份额。

技术细节：
技术实现基于云原生架构，采用容器化和微服务设计，支持多云部署和动态扩缩容。系统可靠性达到99.999%，年故障停机时间小于5分钟。

应用场景：
在智能制造领域，该技术已成功应用于生产线优化、质量控制和预测性维护，帮助企业提升生产效率30%以上，减少设备故障率50%。在金融领域，用于风险控制和智能投顾，准确率达到95%。

发展趋势：
行业发展呈现出明显的趋势：技术持续创新、应用不断深化、生态日益完善。预计到2025年，市场规模将突破5万亿美元，年均增长率保持在40%以上。

问题与挑战：
主要挑战体现在：技术创新难度加大、应用成本居高不下、人才供给不足、安全风险增加等方面。解决这些问题需要长期投入和行业协作。
",291,long_input_long_output,自动驾驶
"
以下是一份关于人工智能的详细报告，请进行深入分析并给出详细报告：

背景介绍：
在数字化转型的大背景下，该技术已成为产业升级的关键推动力。企业对相关解决方案的需求持续增长，市场规模预计在2025年将达到2万亿美元。

主要内容：
行业发展呈现出明显的区域性特征。北美地区在基础研究和技术创新上保持领先；亚太地区在应用落地和市场规模上增长最快；欧洲在标准制定和行业规范上贡献显著。

技术细节：
核心技术架构包括：1. 分布式计算框架，支持大规模并行处理；2. 数据处理引擎，实现实时分析；3. 智能决策系统，提供自适应优化。系统性能达到业界领先水平，平均响应时间小于10ms。

应用场景：
目前已在多个行业实现规模化应用，包括：制造业的智能生产线、金融业的风险控制系统、医疗行业的辅助诊断系统等。使用该技术的企业平均效率提升40%，成本降低25%。

发展趋势：
预计在未来3-5年内，该领域将迎来几个重要突破：算法效率提升10倍、能耗降低50%、部署成本降低60%。这些进展将极大推动行业发展。

问题与挑战：
主要挑战体现在：技术创新难度加大、应用成本居高不下、人才供给不足、安全风险增加等方面。解决这些问题需要长期投入和行业协作。
",281,long_input_long_output,人工智能
"
以下是一份关于区块链的详细报告，请进行深入分析并给出详细报告：

背景介绍：
作为新兴技术领域的重要分支，该方向受到学术界和产业界的广泛关注。近五年来，相关研究论文数量增长了300%，专利申请数量更是翻了四倍。多个国际科技巨头也相继布局。

主要内容：
从技术发展来看，主要呈现出三个特点：第一，技术创新速度加快，新的突破持续涌现；第二，应用场景不断拓展，已渗透到各个行业；第三，产业生态逐步成熟，形成了完整的供应链。

技术细节：
关键技术指标：处理延迟<100ms，准确率>99.9%，系统吞吐量>10000QPS。采用最新的微服务架构，支持容器化部署，具备强大的扩展能力和容错能力。

应用场景：
典型应用场景包括：智慧城市建设、工业自动化、医疗诊断、金融风控等。其中，在智慧城市项目中，已实现交通流量优化、能源管理和环境监测等功能，效益显著。

发展趋势：
行业发展呈现出明显的趋势：技术持续创新、应用不断深化、生态日益完善。预计到2025年，市场规模将突破5万亿美元，年均增长率保持在40%以上。

问题与挑战：
存在的问题主要有：技术成熟度有待提高、商业模式需要验证、行业标准不统一、人才储备不足等。这些问题需要产业链各方共同努力解决。
",288,long_input_long_output,区块链
"
以下是一份关于5G技术的详细报告，请进行深入分析并给出详细报告：

背景介绍：
在数字化转型的大背景下，该技术已成为产业升级的关键推动力。企业对相关解决方案的需求持续增长，市场规模预计在2025年将达到2万亿美元。

主要内容：
从市场结构看，分为三个主要层次：底层基础设施提供商、中间件服务商和应用解决方案提供商。市场集中度较高，头部企业占据了80%的市场份额。

技术细节：
核心技术架构包括：1. 分布式计算框架，支持大规模并行处理；2. 数据处理引擎，实现实时分析；3. 智能决策系统，提供自适应优化。系统性能达到业界领先水平，平均响应时间小于10ms。

应用场景：
典型应用场景包括：智慧城市建设、工业自动化、医疗诊断、金融风控等。其中，在智慧城市项目中，已实现交通流量优化、能源管理和环境监测等功能，效益显著。

发展趋势：
预计在未来3-5年内，该领域将迎来几个重要突破：算法效率提升10倍、能耗降低50%、部署成本降低60%。这些进展将极大推动行业发展。

问题与挑战：
存在的问题主要有：技术成熟度有待提高、商业模式需要验证、行业标准不统一、人才储备不足等。这些问题需要产业链各方共同努力解决。
",275,long_input_long_output,5G技术
"
以下是一份关于绿色能源的详细报告，请进行深入分析并给出详细报告：

背景介绍：
在数字化转型的大背景下，该技术已成为产业升级的关键推动力。企业对相关解决方案的需求持续增长，市场规模预计在2025年将达到2万亿美元。

主要内容：
从技术发展来看，主要呈现出三个特点：第一，技术创新速度加快，新的突破持续涌现；第二，应用场景不断拓展，已渗透到各个行业；第三，产业生态逐步成熟，形成了完整的供应链。

技术细节：
关键技术指标：处理延迟<100ms，准确率>99.9%，系统吞吐量>10000QPS。采用最新的微服务架构，支持容器化部署，具备强大的扩展能力和容错能力。

应用场景：
在智能制造领域，该技术已成功应用于生产线优化、质量控制和预测性维护，帮助企业提升生产效率30%以上，减少设备故障率50%。在金融领域，用于风险控制和智能投顾，准确率达到95%。

发展趋势：
行业发展呈现出明显的趋势：技术持续创新、应用不断深化、生态日益完善。预计到2025年，市场规模将突破5万亿美元，年均增长率保持在40%以上。

问题与挑战：
当前面临的主要挑战包括：1. 技术标准尚未统一，制约了行业发展；2. 成本仍然较高，影响推广速度；3. 人才供给不足，特别是高端人才稀缺；4. 安全性问题需要进一步解决。
",314,long_input_long_output,绿色能源
"
以下是一份关于5G技术的详细报告，请进行深入分析并给出详细报告：

背景介绍：
作为新兴技术领域的重要分支，该方向受到学术界和产业界的广泛关注。近五年来，相关研究论文数量增长了300%，专利申请数量更是翻了四倍。多个国际科技巨头也相继布局。

主要内容：
行业发展呈现出明显的区域性特征。北美地区在基础研究和技术创新上保持领先；亚太地区在应用落地和市场规模上增长最快；欧洲在标准制定和行业规范上贡献显著。

技术细节：
技术实现基于云原生架构，采用容器化和微服务设计，支持多云部署和动态扩缩容。系统可靠性达到99.999%，年故障停机时间小于5分钟。

应用场景：
在智能制造领域，该技术已成功应用于生产线优化、质量控制和预测性维护，帮助企业提升生产效率30%以上，减少设备故障率50%。在金融领域，用于风险控制和智能投顾，准确率达到95%。

发展趋势：
未来发展趋势主要体现在三个方面：1. 技术融合加深，与AI、5G等新技术深度结合；2. 应用场景扩展，向更多垂直领域渗透；3. 产业链整合，形成更完善的生态系统。

问题与挑战：
当前面临的主要挑战包括：1. 技术标准尚未统一，制约了行业发展；2. 成本仍然较高，影响推广速度；3. 人才供给不足，特别是高端人才稀缺；4. 安全性问题需要进一步解决。
",324,long_input_long_output,5G技术
"
以下是一份关于量子计算的详细报告，请进行深入分析并给出详细报告：

背景介绍：
该领域近年来发展迅速，投资规模持续扩大。根据最新统计，全球市场规模已超过万亿美元，年增长率保持在30%以上。主要发达国家都将其列为重点发展方向，并投入大量研发资源。

主要内容：
行业发展呈现出明显的区域性特征。北美地区在基础研究和技术创新上保持领先；亚太地区在应用落地和市场规模上增长最快；欧洲在标准制定和行业规范上贡献显著。

技术细节：
核心技术架构包括：1. 分布式计算框架，支持大规模并行处理；2. 数据处理引擎，实现实时分析；3. 智能决策系统，提供自适应优化。系统性能达到业界领先水平，平均响应时间小于10ms。

应用场景：
在智能制造领域，该技术已成功应用于生产线优化、质量控制和预测性维护，帮助企业提升生产效率30%以上，减少设备故障率50%。在金融领域，用于风险控制和智能投顾，准确率达到95%。

发展趋势：
行业发展呈现出明显的趋势：技术持续创新、应用不断深化、生态日益完善。预计到2025年，市场规模将突破5万亿美元，年均增长率保持在40%以上。

问题与挑战：
主要挑战体现在：技术创新难度加大、应用成本居高不下、人才供给不足、安全风险增加等方面。解决这些问题需要长期投入和行业协作。
",304,long_input_long_output,量子计算
"
以下是一份关于元宇宙的详细报告，请进行深入分析并给出详细报告：

背景介绍：
作为新兴技术领域的重要分支，该方向受到学术界和产业界的广泛关注。近五年来，相关研究论文数量增长了300%，专利申请数量更是翻了四倍。多个国际科技巨头也相继布局。

主要内容：
从技术发展来看，主要呈现出三个特点：第一，技术创新速度加快，新的突破持续涌现；第二，应用场景不断拓展，已渗透到各个行业；第三，产业生态逐步成熟，形成了完整的供应链。

技术细节：
关键技术指标：处理延迟<100ms，准确率>99.9%，系统吞吐量>10000QPS。采用最新的微服务架构，支持容器化部署，具备强大的扩展能力和容错能力。

应用场景：
在智能制造领域，该技术已成功应用于生产线优化、质量控制和预测性维护，帮助企业提升生产效率30%以上，减少设备故障率50%。在金融领域，用于风险控制和智能投顾，准确率达到95%。

发展趋势：
行业发展呈现出明显的趋势：技术持续创新、应用不断深化、生态日益完善。预计到2025年，市场规模将突破5万亿美元，年均增长率保持在40%以上。

问题与挑战：
当前面临的主要挑战包括：1. 技术标准尚未统一，制约了行业发展；2. 成本仍然较高，影响推广速度；3. 人才供给不足，特别是高端人才稀缺；4. 安全性问题需要进一步解决。
",327,long_input_long_output,元宇宙
"
以下是一份关于自动驾驶的详细报告，请进行深入分析并给出详细报告：

背景介绍：
在数字化转型的大背景下，该技术已成为产业升级的关键推动力。企业对相关解决方案的需求持续增长，市场规模预计在2025年将达到2万亿美元。

主要内容：
从技术发展来看，主要呈现出三个特点：第一，技术创新速度加快，新的突破持续涌现；第二，应用场景不断拓展，已渗透到各个行业；第三，产业生态逐步成熟，形成了完整的供应链。

技术细节：
关键技术指标：处理延迟<100ms，准确率>99.9%，系统吞吐量>10000QPS。采用最新的微服务架构，支持容器化部署，具备强大的扩展能力和容错能力。

应用场景：
在智能制造领域，该技术已成功应用于生产线优化、质量控制和预测性维护，帮助企业提升生产效率30%以上，减少设备故障率50%。在金融领域，用于风险控制和智能投顾，准确率达到95%。

发展趋势：
未来发展趋势主要体现在三个方面：1. 技术融合加深，与AI、5G等新技术深度结合；2. 应用场景扩展，向更多垂直领域渗透；3. 产业链整合，形成更完善的生态系统。

问题与挑战：
存在的问题主要有：技术成熟度有待提高、商业模式需要验证、行业标准不统一、人才储备不足等。这些问题需要产业链各方共同努力解决。
",298,long_input_long_output,自动驾驶
"
以下是一份关于量子计算的详细报告，请进行深入分析并给出详细报告：

背景介绍：
该领域近年来发展迅速，投资规模持续扩大。根据最新统计，全球市场规模已超过万亿美元，年增长率保持在30%以上。主要发达国家都将其列为重点发展方向，并投入大量研发资源。

主要内容：
从技术发展来看，主要呈现出三个特点：第一，技术创新速度加快，新的突破持续涌现；第二，应用场景不断拓展，已渗透到各个行业；第三，产业生态逐步成熟，形成了完整的供应链。

技术细节：
关键技术指标：处理延迟<100ms，准确率>99.9%，系统吞吐量>10000QPS。采用最新的微服务架构，支持容器化部署，具备强大的扩展能力和容错能力。

应用场景：
在智能制造领域，该技术已成功应用于生产线优化、质量控制和预测性维护，帮助企业提升生产效率30%以上，减少设备故障率50%。在金融领域，用于风险控制和智能投顾，准确率达到95%。

发展趋势：
行业发展呈现出明显的趋势：技术持续创新、应用不断深化、生态日益完善。预计到2025年，市场规模将突破5万亿美元，年均增长率保持在40%以上。

问题与挑战：
当前面临的主要挑战包括：1. 技术标准尚未统一，制约了行业发展；2. 成本仍然较高，影响推广速度；3. 人才供给不足，特别是高端人才稀缺；4. 安全性问题需要进一步解决。
",323,long_input_long_output,量子计算
"
以下是一份关于人工智能的详细报告，请进行深入分析并给出详细报告：

背景介绍：
作为新兴技术领域的重要分支，该方向受到学术界和产业界的广泛关注。近五年来，相关研究论文数量增长了300%，专利申请数量更是翻了四倍。多个国际科技巨头也相继布局。

主要内容：
从市场结构看，分为三个主要层次：底层基础设施提供商、中间件服务商和应用解决方案提供商。市场集中度较高，头部企业占据了80%的市场份额。

技术细节：
技术实现基于云原生架构，采用容器化和微服务设计，支持多云部署和动态扩缩容。系统可靠性达到99.999%，年故障停机时间小于5分钟。

应用场景：
在智能制造领域，该技术已成功应用于生产线优化、质量控制和预测性维护，帮助企业提升生产效率30%以上，减少设备故障率50%。在金融领域，用于风险控制和智能投顾，准确率达到95%。

发展趋势：
预计在未来3-5年内，该领域将迎来几个重要突破：算法效率提升10倍、能耗降低50%、部署成本降低60%。这些进展将极大推动行业发展。

问题与挑战：
主要挑战体现在：技术创新难度加大、应用成本居高不下、人才供给不足、安全风险增加等方面。解决这些问题需要长期投入和行业协作。
",290,long_input_long_output,人工智能
"
以下是一份关于自动驾驶的详细报告，请进行深入分析并给出详细报告：

背景介绍：
在数字化转型的大背景下，该技术已成为产业升级的关键推动力。企业对相关解决方案的需求持续增长，市场规模预计在2025年将达到2万亿美元。

主要内容：
行业发展呈现出明显的区域性特征。北美地区在基础研究和技术创新上保持领先；亚太地区在应用落地和市场规模上增长最快；欧洲在标准制定和行业规范上贡献显著。

技术细节：
核心技术架构包括：1. 分布式计算框架，支持大规模并行处理；2. 数据处理引擎，实现实时分析；3. 智能决策系统，提供自适应优化。系统性能达到业界领先水平，平均响应时间小于10ms。

应用场景：
典型应用场景包括：智慧城市建设、工业自动化、医疗诊断、金融风控等。其中，在智慧城市项目中，已实现交通流量优化、能源管理和环境监测等功能，效益显著。

发展趋势：
预计在未来3-5年内，该领域将迎来几个重要突破：算法效率提升10倍、能耗降低50%、部署成本降低60%。这些进展将极大推动行业发展。

问题与挑战：
当前面临的主要挑战包括：1. 技术标准尚未统一，制约了行业发展；2. 成本仍然较高，影响推广速度；3. 人才供给不足，特别是高端人才稀缺；4. 安全性问题需要进一步解决。
",298,long_input_long_output,自动驾驶
"
以下是一份关于人工智能的详细报告，请进行深入分析并给出详细报告：

背景介绍：
在数字化转型的大背景下，该技术已成为产业升级的关键推动力。企业对相关解决方案的需求持续增长，市场规模预计在2025年将达到2万亿美元。

主要内容：
从市场结构看，分为三个主要层次：底层基础设施提供商、中间件服务商和应用解决方案提供商。市场集中度较高，头部企业占据了80%的市场份额。

技术细节：
核心技术架构包括：1. 分布式计算框架，支持大规模并行处理；2. 数据处理引擎，实现实时分析；3. 智能决策系统，提供自适应优化。系统性能达到业界领先水平，平均响应时间小于10ms。

应用场景：
典型应用场景包括：智慧城市建设、工业自动化、医疗诊断、金融风控等。其中，在智慧城市项目中，已实现交通流量优化、能源管理和环境监测等功能，效益显著。

发展趋势：
行业发展呈现出明显的趋势：技术持续创新、应用不断深化、生态日益完善。预计到2025年，市场规模将突破5万亿美元，年均增长率保持在40%以上。

问题与挑战：
当前面临的主要挑战包括：1. 技术标准尚未统一，制约了行业发展；2. 成本仍然较高，影响推广速度；3. 人才供给不足，特别是高端人才稀缺；4. 安全性问题需要进一步解决。
",296,long_input_long_output,人工智能
"
以下是一份关于物联网的详细报告，请进行深入分析并给出详细报告：

背景介绍：
作为新兴技术领域的重要分支，该方向受到学术界和产业界的广泛关注。近五年来，相关研究论文数量增长了300%，专利申请数量更是翻了四倍。多个国际科技巨头也相继布局。

主要内容：
从市场结构看，分为三个主要层次：底层基础设施提供商、中间件服务商和应用解决方案提供商。市场集中度较高，头部企业占据了80%的市场份额。

技术细节：
技术实现基于云原生架构，采用容器化和微服务设计，支持多云部署和动态扩缩容。系统可靠性达到99.999%，年故障停机时间小于5分钟。

应用场景：
目前已在多个行业实现规模化应用，包括：制造业的智能生产线、金融业的风险控制系统、医疗行业的辅助诊断系统等。使用该技术的企业平均效率提升40%，成本降低25%。

发展趋势：
预计在未来3-5年内，该领域将迎来几个重要突破：算法效率提升10倍、能耗降低50%、部署成本降低60%。这些进展将极大推动行业发展。

问题与挑战：
主要挑战体现在：技术创新难度加大、应用成本居高不下、人才供给不足、安全风险增加等方面。解决这些问题需要长期投入和行业协作。
",278,long_input_long_output,物联网
"
以下是一份关于区块链的详细报告，请进行深入分析并给出详细报告：

背景介绍：
在数字化转型的大背景下，该技术已成为产业升级的关键推动力。企业对相关解决方案的需求持续增长，市场规模预计在2025年将达到2万亿美元。

主要内容：
从市场结构看，分为三个主要层次：底层基础设施提供商、中间件服务商和应用解决方案提供商。市场集中度较高，头部企业占据了80%的市场份额。

技术细节：
技术实现基于云原生架构，采用容器化和微服务设计，支持多云部署和动态扩缩容。系统可靠性达到99.999%，年故障停机时间小于5分钟。

应用场景：
典型应用场景包括：智慧城市建设、工业自动化、医疗诊断、金融风控等。其中，在智慧城市项目中，已实现交通流量优化、能源管理和环境监测等功能，效益显著。

发展趋势：
行业发展呈现出明显的趋势：技术持续创新、应用不断深化、生态日益完善。预计到2025年，市场规模将突破5万亿美元，年均增长率保持在40%以上。

问题与挑战：
主要挑战体现在：技术创新难度加大、应用成本居高不下、人才供给不足、安全风险增加等方面。解决这些问题需要长期投入和行业协作。
",262,long_input_long_output,区块链
"
以下是一份关于绿色能源的详细报告，请进行深入分析并给出详细报告：

背景介绍：
该领域近年来发展迅速，投资规模持续扩大。根据最新统计，全球市场规模已超过万亿美元，年增长率保持在30%以上。主要发达国家都将其列为重点发展方向，并投入大量研发资源。

主要内容：
从技术发展来看，主要呈现出三个特点：第一，技术创新速度加快，新的突破持续涌现；第二，应用场景不断拓展，已渗透到各个行业；第三，产业生态逐步成熟，形成了完整的供应链。

技术细节：
关键技术指标：处理延迟<100ms，准确率>99.9%，系统吞吐量>10000QPS。采用最新的微服务架构，支持容器化部署，具备强大的扩展能力和容错能力。

应用场景：
典型应用场景包括：智慧城市建设、工业自动化、医疗诊断、金融风控等。其中，在智慧城市项目中，已实现交通流量优化、能源管理和环境监测等功能，效益显著。

发展趋势：
未来发展趋势主要体现在三个方面：1. 技术融合加深，与AI、5G等新技术深度结合；2. 应用场景扩展，向更多垂直领域渗透；3. 产业链整合，形成更完善的生态系统。

问题与挑战：
当前面临的主要挑战包括：1. 技术标准尚未统一，制约了行业发展；2. 成本仍然较高，影响推广速度；3. 人才供给不足，特别是高端人才稀缺；4. 安全性问题需要进一步解决。
",314,long_input_long_output,绿色能源
"
以下是一份关于区块链的详细报告，请进行深入分析并给出详细报告：

背景介绍：
该领域近年来发展迅速，投资规模持续扩大。根据最新统计，全球市场规模已超过万亿美元，年增长率保持在30%以上。主要发达国家都将其列为重点发展方向，并投入大量研发资源。

主要内容：
行业发展呈现出明显的区域性特征。北美地区在基础研究和技术创新上保持领先；亚太地区在应用落地和市场规模上增长最快；欧洲在标准制定和行业规范上贡献显著。

技术细节：
关键技术指标：处理延迟<100ms，准确率>99.9%，系统吞吐量>10000QPS。采用最新的微服务架构，支持容器化部署，具备强大的扩展能力和容错能力。

应用场景：
目前已在多个行业实现规模化应用，包括：制造业的智能生产线、金融业的风险控制系统、医疗行业的辅助诊断系统等。使用该技术的企业平均效率提升40%，成本降低25%。

发展趋势：
未来发展趋势主要体现在三个方面：1. 技术融合加深，与AI、5G等新技术深度结合；2. 应用场景扩展，向更多垂直领域渗透；3. 产业链整合，形成更完善的生态系统。

问题与挑战：
当前面临的主要挑战包括：1. 技术标准尚未统一，制约了行业发展；2. 成本仍然较高，影响推广速度；3. 人才供给不足，特别是高端人才稀缺；4. 安全性问题需要进一步解决。
",312,long_input_long_output,区块链
"
以下是一份关于自动驾驶的详细报告，请进行深入分析并给出详细报告：

背景介绍：
该领域近年来发展迅速，投资规模持续扩大。根据最新统计，全球市场规模已超过万亿美元，年增长率保持在30%以上。主要发达国家都将其列为重点发展方向，并投入大量研发资源。

主要内容：
从市场结构看，分为三个主要层次：底层基础设施提供商、中间件服务商和应用解决方案提供商。市场集中度较高，头部企业占据了80%的市场份额。

技术细节：
关键技术指标：处理延迟<100ms，准确率>99.9%，系统吞吐量>10000QPS。采用最新的微服务架构，支持容器化部署，具备强大的扩展能力和容错能力。

应用场景：
典型应用场景包括：智慧城市建设、工业自动化、医疗诊断、金融风控等。其中，在智慧城市项目中，已实现交通流量优化、能源管理和环境监测等功能，效益显著。

发展趋势：
行业发展呈现出明显的趋势：技术持续创新、应用不断深化、生态日益完善。预计到2025年，市场规模将突破5万亿美元，年均增长率保持在40%以上。

问题与挑战：
当前面临的主要挑战包括：1. 技术标准尚未统一，制约了行业发展；2. 成本仍然较高，影响推广速度；3. 人才供给不足，特别是高端人才稀缺；4. 安全性问题需要进一步解决。
",298,long_input_long_output,自动驾驶
"
以下是一份关于绿色能源的详细报告，请进行深入分析并给出详细报告：

背景介绍：
作为新兴技术领域的重要分支，该方向受到学术界和产业界的广泛关注。近五年来，相关研究论文数量增长了300%，专利申请数量更是翻了四倍。多个国际科技巨头也相继布局。

主要内容：
从技术发展来看，主要呈现出三个特点：第一，技术创新速度加快，新的突破持续涌现；第二，应用场景不断拓展，已渗透到各个行业；第三，产业生态逐步成熟，形成了完整的供应链。

技术细节：
核心技术架构包括：1. 分布式计算框架，支持大规模并行处理；2. 数据处理引擎，实现实时分析；3. 智能决策系统，提供自适应优化。系统性能达到业界领先水平，平均响应时间小于10ms。

应用场景：
在智能制造领域，该技术已成功应用于生产线优化、质量控制和预测性维护，帮助企业提升生产效率30%以上，减少设备故障率50%。在金融领域，用于风险控制和智能投顾，准确率达到95%。

发展趋势：
预计在未来3-5年内，该领域将迎来几个重要突破：算法效率提升10倍、能耗降低50%、部署成本降低60%。这些进展将极大推动行业发展。

问题与挑战：
当前面临的主要挑战包括：1. 技术标准尚未统一，制约了行业发展；2. 成本仍然较高，影响推广速度；3. 人才供给不足，特别是高端人才稀缺；4. 安全性问题需要进一步解决。
",333,long_input_long_output,绿色能源
"
以下是一份关于绿色能源的详细报告，请进行深入分析并给出详细报告：

背景介绍：
该领域近年来发展迅速，投资规模持续扩大。根据最新统计，全球市场规模已超过万亿美元，年增长率保持在30%以上。主要发达国家都将其列为重点发展方向，并投入大量研发资源。

主要内容：
从技术发展来看，主要呈现出三个特点：第一，技术创新速度加快，新的突破持续涌现；第二，应用场景不断拓展，已渗透到各个行业；第三，产业生态逐步成熟，形成了完整的供应链。

技术细节：
技术实现基于云原生架构，采用容器化和微服务设计，支持多云部署和动态扩缩容。系统可靠性达到99.999%，年故障停机时间小于5分钟。

应用场景：
在智能制造领域，该技术已成功应用于生产线优化、质量控制和预测性维护，帮助企业提升生产效率30%以上，减少设备故障率50%。在金融领域，用于风险控制和智能投顾，准确率达到95%。

发展趋势：
未来发展趋势主要体现在三个方面：1. 技术融合加深，与AI、5G等新技术深度结合；2. 应用场景扩展，向更多垂直领域渗透；3. 产业链整合，形成更完善的生态系统。

问题与挑战：
当前面临的主要挑战包括：1. 技术标准尚未统一，制约了行业发展；2. 成本仍然较高，影响推广速度；3. 人才供给不足，特别是高端人才稀缺；4. 安全性问题需要进一步解决。
",324,long_input_long_output,绿色能源
"
以下是一份关于量子计算的详细报告，请进行深入分析并给出详细报告：

背景介绍：
作为新兴技术领域的重要分支，该方向受到学术界和产业界的广泛关注。近五年来，相关研究论文数量增长了300%，专利申请数量更是翻了四倍。多个国际科技巨头也相继布局。

主要内容：
从市场结构看，分为三个主要层次：底层基础设施提供商、中间件服务商和应用解决方案提供商。市场集中度较高，头部企业占据了80%的市场份额。

技术细节：
核心技术架构包括：1. 分布式计算框架，支持大规模并行处理；2. 数据处理引擎，实现实时分析；3. 智能决策系统，提供自适应优化。系统性能达到业界领先水平，平均响应时间小于10ms。

应用场景：
典型应用场景包括：智慧城市建设、工业自动化、医疗诊断、金融风控等。其中，在智慧城市项目中，已实现交通流量优化、能源管理和环境监测等功能，效益显著。

发展趋势：
未来发展趋势主要体现在三个方面：1. 技术融合加深，与AI、5G等新技术深度结合；2. 应用场景扩展，向更多垂直领域渗透；3. 产业链整合，形成更完善的生态系统。

问题与挑战：
主要挑战体现在：技术创新难度加大、应用成本居高不下、人才供给不足、安全风险增加等方面。解决这些问题需要长期投入和行业协作。
",296,long_input_long_output,量子计算
"
以下是一份关于5G技术的详细报告，请进行深入分析并给出详细报告：

背景介绍：
该领域近年来发展迅速，投资规模持续扩大。根据最新统计，全球市场规模已超过万亿美元，年增长率保持在30%以上。主要发达国家都将其列为重点发展方向，并投入大量研发资源。

主要内容：
行业发展呈现出明显的区域性特征。北美地区在基础研究和技术创新上保持领先；亚太地区在应用落地和市场规模上增长最快；欧洲在标准制定和行业规范上贡献显著。

技术细节：
技术实现基于云原生架构，采用容器化和微服务设计，支持多云部署和动态扩缩容。系统可靠性达到99.999%，年故障停机时间小于5分钟。

应用场景：
目前已在多个行业实现规模化应用，包括：制造业的智能生产线、金融业的风险控制系统、医疗行业的辅助诊断系统等。使用该技术的企业平均效率提升40%，成本降低25%。

发展趋势：
未来发展趋势主要体现在三个方面：1. 技术融合加深，与AI、5G等新技术深度结合；2. 应用场景扩展，向更多垂直领域渗透；3. 产业链整合，形成更完善的生态系统。

问题与挑战：
主要挑战体现在：技术创新难度加大、应用成本居高不下、人才供给不足、安全风险增加等方面。解决这些问题需要长期投入和行业协作。
",287,long_input_long_output,5G技术
"
以下是一份关于人工智能的详细报告，请进行深入分析并给出详细报告：

背景介绍：
在数字化转型的大背景下，该技术已成为产业升级的关键推动力。企业对相关解决方案的需求持续增长，市场规模预计在2025年将达到2万亿美元。

主要内容：
从技术发展来看，主要呈现出三个特点：第一，技术创新速度加快，新的突破持续涌现；第二，应用场景不断拓展，已渗透到各个行业；第三，产业生态逐步成熟，形成了完整的供应链。

技术细节：
技术实现基于云原生架构，采用容器化和微服务设计，支持多云部署和动态扩缩容。系统可靠性达到99.999%，年故障停机时间小于5分钟。

应用场景：
典型应用场景包括：智慧城市建设、工业自动化、医疗诊断、金融风控等。其中，在智慧城市项目中，已实现交通流量优化、能源管理和环境监测等功能，效益显著。

发展趋势：
行业发展呈现出明显的趋势：技术持续创新、应用不断深化、生态日益完善。预计到2025年，市场规模将突破5万亿美元，年均增长率保持在40%以上。

问题与挑战：
存在的问题主要有：技术成熟度有待提高、商业模式需要验证、行业标准不统一、人才储备不足等。这些问题需要产业链各方共同努力解决。
",269,long_input_long_output,人工智能
"
以下是一份关于元宇宙的详细报告，请进行深入分析并给出详细报告：

背景介绍：
在数字化转型的大背景下，该技术已成为产业升级的关键推动力。企业对相关解决方案的需求持续增长，市场规模预计在2025年将达到2万亿美元。

主要内容：
行业发展呈现出明显的区域性特征。北美地区在基础研究和技术创新上保持领先；亚太地区在应用落地和市场规模上增长最快；欧洲在标准制定和行业规范上贡献显著。

技术细节：
关键技术指标：处理延迟<100ms，准确率>99.9%，系统吞吐量>10000QPS。采用最新的微服务架构，支持容器化部署，具备强大的扩展能力和容错能力。

应用场景：
典型应用场景包括：智慧城市建设、工业自动化、医疗诊断、金融风控等。其中，在智慧城市项目中，已实现交通流量优化、能源管理和环境监测等功能，效益显著。

发展趋势：
未来发展趋势主要体现在三个方面：1. 技术融合加深，与AI、5G等新技术深度结合；2. 应用场景扩展，向更多垂直领域渗透；3. 产业链整合，形成更完善的生态系统。

问题与挑战：
主要挑战体现在：技术创新难度加大、应用成本居高不下、人才供给不足、安全风险增加等方面。解决这些问题需要长期投入和行业协作。
",279,long_input_long_output,元宇宙
"
以下是一份关于绿色能源的详细报告，请进行深入分析并给出详细报告：

背景介绍：
该领域近年来发展迅速，投资规模持续扩大。根据最新统计，全球市场规模已超过万亿美元，年增长率保持在30%以上。主要发达国家都将其列为重点发展方向，并投入大量研发资源。

主要内容：
从市场结构看，分为三个主要层次：底层基础设施提供商、中间件服务商和应用解决方案提供商。市场集中度较高，头部企业占据了80%的市场份额。

技术细节：
核心技术架构包括：1. 分布式计算框架，支持大规模并行处理；2. 数据处理引擎，实现实时分析；3. 智能决策系统，提供自适应优化。系统性能达到业界领先水平，平均响应时间小于10ms。

应用场景：
典型应用场景包括：智慧城市建设、工业自动化、医疗诊断、金融风控等。其中，在智慧城市项目中，已实现交通流量优化、能源管理和环境监测等功能，效益显著。

发展趋势：
行业发展呈现出明显的趋势：技术持续创新、应用不断深化、生态日益完善。预计到2025年，市场规模将突破5万亿美元，年均增长率保持在40%以上。

问题与挑战：
主要挑战体现在：技术创新难度加大、应用成本居高不下、人才供给不足、安全风险增加等方面。解决这些问题需要长期投入和行业协作。
",285,long_input_long_output,绿色能源
"
以下是一份关于人工智能的详细报告，请进行深入分析并给出详细报告：

背景介绍：
作为新兴技术领域的重要分支，该方向受到学术界和产业界的广泛关注。近五年来，相关研究论文数量增长了300%，专利申请数量更是翻了四倍。多个国际科技巨头也相继布局。

主要内容：
从市场结构看，分为三个主要层次：底层基础设施提供商、中间件服务商和应用解决方案提供商。市场集中度较高，头部企业占据了80%的市场份额。

技术细节：
技术实现基于云原生架构，采用容器化和微服务设计，支持多云部署和动态扩缩容。系统可靠性达到99.999%，年故障停机时间小于5分钟。

应用场景：
典型应用场景包括：智慧城市建设、工业自动化、医疗诊断、金融风控等。其中，在智慧城市项目中，已实现交通流量优化、能源管理和环境监测等功能，效益显著。

发展趋势：
预计在未来3-5年内，该领域将迎来几个重要突破：算法效率提升10倍、能耗降低50%、部署成本降低60%。这些进展将极大推动行业发展。

问题与挑战：
当前面临的主要挑战包括：1. 技术标准尚未统一，制约了行业发展；2. 成本仍然较高，影响推广速度；3. 人才供给不足，特别是高端人才稀缺；4. 安全性问题需要进一步解决。
",295,long_input_long_output,人工智能
"
以下是一份关于绿色能源的详细报告，请进行深入分析并给出详细报告：

背景介绍：
该领域近年来发展迅速，投资规模持续扩大。根据最新统计，全球市场规模已超过万亿美元，年增长率保持在30%以上。主要发达国家都将其列为重点发展方向，并投入大量研发资源。

主要内容：
从技术发展来看，主要呈现出三个特点：第一，技术创新速度加快，新的突破持续涌现；第二，应用场景不断拓展，已渗透到各个行业；第三，产业生态逐步成熟，形成了完整的供应链。

技术细节：
技术实现基于云原生架构，采用容器化和微服务设计，支持多云部署和动态扩缩容。系统可靠性达到99.999%，年故障停机时间小于5分钟。

应用场景：
在智能制造领域，该技术已成功应用于生产线优化、质量控制和预测性维护，帮助企业提升生产效率30%以上，减少设备故障率50%。在金融领域，用于风险控制和智能投顾，准确率达到95%。

发展趋势：
未来发展趋势主要体现在三个方面：1. 技术融合加深，与AI、5G等新技术深度结合；2. 应用场景扩展，向更多垂直领域渗透；3. 产业链整合，形成更完善的生态系统。

问题与挑战：
当前面临的主要挑战包括：1. 技术标准尚未统一，制约了行业发展；2. 成本仍然较高，影响推广速度；3. 人才供给不足，特别是高端人才稀缺；4. 安全性问题需要进一步解决。
",324,long_input_long_output,绿色能源
"
以下是一份关于区块链的详细报告，请进行深入分析并给出详细报告：

背景介绍：
在数字化转型的大背景下，该技术已成为产业升级的关键推动力。企业对相关解决方案的需求持续增长，市场规模预计在2025年将达到2万亿美元。

主要内容：
从市场结构看，分为三个主要层次：底层基础设施提供商、中间件服务商和应用解决方案提供商。市场集中度较高，头部企业占据了80%的市场份额。

技术细节：
技术实现基于云原生架构，采用容器化和微服务设计，支持多云部署和动态扩缩容。系统可靠性达到99.999%，年故障停机时间小于5分钟。

应用场景：
在智能制造领域，该技术已成功应用于生产线优化、质量控制和预测性维护，帮助企业提升生产效率30%以上，减少设备故障率50%。在金融领域，用于风险控制和智能投顾，准确率达到95%。

发展趋势：
预计在未来3-5年内，该领域将迎来几个重要突破：算法效率提升10倍、能耗降低50%、部署成本降低60%。这些进展将极大推动行业发展。

问题与挑战：
当前面临的主要挑战包括：1. 技术标准尚未统一，制约了行业发展；2. 成本仍然较高，影响推广速度；3. 人才供给不足，特别是高端人才稀缺；4. 安全性问题需要进一步解决。
",298,long_input_long_output,区块链
"
以下是一份关于区块链的详细报告，请进行深入分析并给出详细报告：

背景介绍：
该领域近年来发展迅速，投资规模持续扩大。根据最新统计，全球市场规模已超过万亿美元，年增长率保持在30%以上。主要发达国家都将其列为重点发展方向，并投入大量研发资源。

主要内容：
从市场结构看，分为三个主要层次：底层基础设施提供商、中间件服务商和应用解决方案提供商。市场集中度较高，头部企业占据了80%的市场份额。

技术细节：
技术实现基于云原生架构，采用容器化和微服务设计，支持多云部署和动态扩缩容。系统可靠性达到99.999%，年故障停机时间小于5分钟。

应用场景：
在智能制造领域，该技术已成功应用于生产线优化、质量控制和预测性维护，帮助企业提升生产效率30%以上，减少设备故障率50%。在金融领域，用于风险控制和智能投顾，准确率达到95%。

发展趋势：
行业发展呈现出明显的趋势：技术持续创新、应用不断深化、生态日益完善。预计到2025年，市场规模将突破5万亿美元，年均增长率保持在40%以上。

问题与挑战：
存在的问题主要有：技术成熟度有待提高、商业模式需要验证、行业标准不统一、人才储备不足等。这些问题需要产业链各方共同努力解决。
",286,long_input_long_output,区块链
"
以下是一份关于量子计算的详细报告，请进行深入分析并给出详细报告：

背景介绍：
作为新兴技术领域的重要分支，该方向受到学术界和产业界的广泛关注。近五年来，相关研究论文数量增长了300%，专利申请数量更是翻了四倍。多个国际科技巨头也相继布局。

主要内容：
行业发展呈现出明显的区域性特征。北美地区在基础研究和技术创新上保持领先；亚太地区在应用落地和市场规模上增长最快；欧洲在标准制定和行业规范上贡献显著。

技术细节：
核心技术架构包括：1. 分布式计算框架，支持大规模并行处理；2. 数据处理引擎，实现实时分析；3. 智能决策系统，提供自适应优化。系统性能达到业界领先水平，平均响应时间小于10ms。

应用场景：
典型应用场景包括：智慧城市建设、工业自动化、医疗诊断、金融风控等。其中，在智慧城市项目中，已实现交通流量优化、能源管理和环境监测等功能，效益显著。

发展趋势：
行业发展呈现出明显的趋势：技术持续创新、应用不断深化、生态日益完善。预计到2025年，市场规模将突破5万亿美元，年均增长率保持在40%以上。

问题与挑战：
当前面临的主要挑战包括：1. 技术标准尚未统一，制约了行业发展；2. 成本仍然较高，影响推广速度；3. 人才供给不足，特别是高端人才稀缺；4. 安全性问题需要进一步解决。
",313,long_input_long_output,量子计算
"
以下是一份关于绿色能源的详细报告，请进行深入分析并给出详细报告：

背景介绍：
该领域近年来发展迅速，投资规模持续扩大。根据最新统计，全球市场规模已超过万亿美元，年增长率保持在30%以上。主要发达国家都将其列为重点发展方向，并投入大量研发资源。

主要内容：
从技术发展来看，主要呈现出三个特点：第一，技术创新速度加快，新的突破持续涌现；第二，应用场景不断拓展，已渗透到各个行业；第三，产业生态逐步成熟，形成了完整的供应链。

技术细节：
核心技术架构包括：1. 分布式计算框架，支持大规模并行处理；2. 数据处理引擎，实现实时分析；3. 智能决策系统，提供自适应优化。系统性能达到业界领先水平，平均响应时间小于10ms。

应用场景：
目前已在多个行业实现规模化应用，包括：制造业的智能生产线、金融业的风险控制系统、医疗行业的辅助诊断系统等。使用该技术的企业平均效率提升40%，成本降低25%。

发展趋势：
行业发展呈现出明显的趋势：技术持续创新、应用不断深化、生态日益完善。预计到2025年，市场规模将突破5万亿美元，年均增长率保持在40%以上。

问题与挑战：
当前面临的主要挑战包括：1. 技术标准尚未统一，制约了行业发展；2. 成本仍然较高，影响推广速度；3. 人才供给不足，特别是高端人才稀缺；4. 安全性问题需要进一步解决。
",318,long_input_long_output,绿色能源
"
以下是一份关于元宇宙的详细报告，请进行深入分析并给出详细报告：

背景介绍：
该领域近年来发展迅速，投资规模持续扩大。根据最新统计，全球市场规模已超过万亿美元，年增长率保持在30%以上。主要发达国家都将其列为重点发展方向，并投入大量研发资源。

主要内容：
从市场结构看，分为三个主要层次：底层基础设施提供商、中间件服务商和应用解决方案提供商。市场集中度较高，头部企业占据了80%的市场份额。

技术细节：
技术实现基于云原生架构，采用容器化和微服务设计，支持多云部署和动态扩缩容。系统可靠性达到99.999%，年故障停机时间小于5分钟。

应用场景：
在智能制造领域，该技术已成功应用于生产线优化、质量控制和预测性维护，帮助企业提升生产效率30%以上，减少设备故障率50%。在金融领域，用于风险控制和智能投顾，准确率达到95%。

发展趋势：
未来发展趋势主要体现在三个方面：1. 技术融合加深，与AI、5G等新技术深度结合；2. 应用场景扩展，向更多垂直领域渗透；3. 产业链整合，形成更完善的生态系统。

问题与挑战：
主要挑战体现在：技术创新难度加大、应用成本居高不下、人才供给不足、安全风险增加等方面。解决这些问题需要长期投入和行业协作。
",295,long_input_long_output,元宇宙
"
以下是一份关于区块链的详细报告，请进行深入分析并给出详细报告：

背景介绍：
该领域近年来发展迅速，投资规模持续扩大。根据最新统计，全球市场规模已超过万亿美元，年增长率保持在30%以上。主要发达国家都将其列为重点发展方向，并投入大量研发资源。

主要内容：
行业发展呈现出明显的区域性特征。北美地区在基础研究和技术创新上保持领先；亚太地区在应用落地和市场规模上增长最快；欧洲在标准制定和行业规范上贡献显著。

技术细节：
技术实现基于云原生架构，采用容器化和微服务设计，支持多云部署和动态扩缩容。系统可靠性达到99.999%，年故障停机时间小于5分钟。

应用场景：
目前已在多个行业实现规模化应用，包括：制造业的智能生产线、金融业的风险控制系统、医疗行业的辅助诊断系统等。使用该技术的企业平均效率提升40%，成本降低25%。

发展趋势：
预计在未来3-5年内，该领域将迎来几个重要突破：算法效率提升10倍、能耗降低50%、部署成本降低60%。这些进展将极大推动行业发展。

问题与挑战：
存在的问题主要有：技术成熟度有待提高、商业模式需要验证、行业标准不统一、人才储备不足等。这些问题需要产业链各方共同努力解决。
",276,long_input_long_output,区块链
"
以下是一份关于物联网的详细报告，请进行深入分析并给出详细报告：

背景介绍：
作为新兴技术领域的重要分支，该方向受到学术界和产业界的广泛关注。近五年来，相关研究论文数量增长了300%，专利申请数量更是翻了四倍。多个国际科技巨头也相继布局。

主要内容：
从技术发展来看，主要呈现出三个特点：第一，技术创新速度加快，新的突破持续涌现；第二，应用场景不断拓展，已渗透到各个行业；第三，产业生态逐步成熟，形成了完整的供应链。

技术细节：
技术实现基于云原生架构，采用容器化和微服务设计，支持多云部署和动态扩缩容。系统可靠性达到99.999%，年故障停机时间小于5分钟。

应用场景：
在智能制造领域，该技术已成功应用于生产线优化、质量控制和预测性维护，帮助企业提升生产效率30%以上，减少设备故障率50%。在金融领域，用于风险控制和智能投顾，准确率达到95%。

发展趋势：
行业发展呈现出明显的趋势：技术持续创新、应用不断深化、生态日益完善。预计到2025年，市场规模将突破5万亿美元，年均增长率保持在40%以上。

问题与挑战：
当前面临的主要挑战包括：1. 技术标准尚未统一，制约了行业发展；2. 成本仍然较高，影响推广速度；3. 人才供给不足，特别是高端人才稀缺；4. 安全性问题需要进一步解决。
",320,long_input_long_output,物联网
"
以下是一份关于5G技术的详细报告，请进行深入分析并给出详细报告：

背景介绍：
在数字化转型的大背景下，该技术已成为产业升级的关键推动力。企业对相关解决方案的需求持续增长，市场规模预计在2025年将达到2万亿美元。

主要内容：
从市场结构看，分为三个主要层次：底层基础设施提供商、中间件服务商和应用解决方案提供商。市场集中度较高，头部企业占据了80%的市场份额。

技术细节：
技术实现基于云原生架构，采用容器化和微服务设计，支持多云部署和动态扩缩容。系统可靠性达到99.999%，年故障停机时间小于5分钟。

应用场景：
目前已在多个行业实现规模化应用，包括：制造业的智能生产线、金融业的风险控制系统、医疗行业的辅助诊断系统等。使用该技术的企业平均效率提升40%，成本降低25%。

发展趋势：
行业发展呈现出明显的趋势：技术持续创新、应用不断深化、生态日益完善。预计到2025年，市场规模将突破5万亿美元，年均增长率保持在40%以上。

问题与挑战：
存在的问题主要有：技术成熟度有待提高、商业模式需要验证、行业标准不统一、人才储备不足等。这些问题需要产业链各方共同努力解决。
",267,long_input_long_output,5G技术
"
以下是一份关于5G技术的详细报告，请进行深入分析并给出详细报告：

背景介绍：
作为新兴技术领域的重要分支，该方向受到学术界和产业界的广泛关注。近五年来，相关研究论文数量增长了300%，专利申请数量更是翻了四倍。多个国际科技巨头也相继布局。

主要内容：
行业发展呈现出明显的区域性特征。北美地区在基础研究和技术创新上保持领先；亚太地区在应用落地和市场规模上增长最快；欧洲在标准制定和行业规范上贡献显著。

技术细节：
技术实现基于云原生架构，采用容器化和微服务设计，支持多云部署和动态扩缩容。系统可靠性达到99.999%，年故障停机时间小于5分钟。

应用场景：
典型应用场景包括：智慧城市建设、工业自动化、医疗诊断、金融风控等。其中，在智慧城市项目中，已实现交通流量优化、能源管理和环境监测等功能，效益显著。

发展趋势：
预计在未来3-5年内，该领域将迎来几个重要突破：算法效率提升10倍、能耗降低50%、部署成本降低60%。这些进展将极大推动行业发展。

问题与挑战：
当前面临的主要挑战包括：1. 技术标准尚未统一，制约了行业发展；2. 成本仍然较高，影响推广速度；3. 人才供给不足，特别是高端人才稀缺；4. 安全性问题需要进一步解决。
",300,long_input_long_output,5G技术
"
以下是一份关于5G技术的详细报告，请进行深入分析并给出详细报告：

背景介绍：
该领域近年来发展迅速，投资规模持续扩大。根据最新统计，全球市场规模已超过万亿美元，年增长率保持在30%以上。主要发达国家都将其列为重点发展方向，并投入大量研发资源。

主要内容：
从市场结构看，分为三个主要层次：底层基础设施提供商、中间件服务商和应用解决方案提供商。市场集中度较高，头部企业占据了80%的市场份额。

技术细节：
核心技术架构包括：1. 分布式计算框架，支持大规模并行处理；2. 数据处理引擎，实现实时分析；3. 智能决策系统，提供自适应优化。系统性能达到业界领先水平，平均响应时间小于10ms。

应用场景：
典型应用场景包括：智慧城市建设、工业自动化、医疗诊断、金融风控等。其中，在智慧城市项目中，已实现交通流量优化、能源管理和环境监测等功能，效益显著。

发展趋势：
未来发展趋势主要体现在三个方面：1. 技术融合加深，与AI、5G等新技术深度结合；2. 应用场景扩展，向更多垂直领域渗透；3. 产业链整合，形成更完善的生态系统。

问题与挑战：
主要挑战体现在：技术创新难度加大、应用成本居高不下、人才供给不足、安全风险增加等方面。解决这些问题需要长期投入和行业协作。
",293,long_input_long_output,5G技术
"
以下是一份关于区块链的详细报告，请进行深入分析并给出详细报告：

背景介绍：
该领域近年来发展迅速，投资规模持续扩大。根据最新统计，全球市场规模已超过万亿美元，年增长率保持在30%以上。主要发达国家都将其列为重点发展方向，并投入大量研发资源。

主要内容：
行业发展呈现出明显的区域性特征。北美地区在基础研究和技术创新上保持领先；亚太地区在应用落地和市场规模上增长最快；欧洲在标准制定和行业规范上贡献显著。

技术细节：
核心技术架构包括：1. 分布式计算框架，支持大规模并行处理；2. 数据处理引擎，实现实时分析；3. 智能决策系统，提供自适应优化。系统性能达到业界领先水平，平均响应时间小于10ms。

应用场景：
目前已在多个行业实现规模化应用，包括：制造业的智能生产线、金融业的风险控制系统、医疗行业的辅助诊断系统等。使用该技术的企业平均效率提升40%，成本降低25%。

发展趋势：
行业发展呈现出明显的趋势：技术持续创新、应用不断深化、生态日益完善。预计到2025年，市场规模将突破5万亿美元，年均增长率保持在40%以上。

问题与挑战：
主要挑战体现在：技术创新难度加大、应用成本居高不下、人才供给不足、安全风险增加等方面。解决这些问题需要长期投入和行业协作。
",291,long_input_long_output,区块链
"
以下是一份关于物联网的详细报告，请进行深入分析并给出详细报告：

背景介绍：
在数字化转型的大背景下，该技术已成为产业升级的关键推动力。企业对相关解决方案的需求持续增长，市场规模预计在2025年将达到2万亿美元。

主要内容：
从市场结构看，分为三个主要层次：底层基础设施提供商、中间件服务商和应用解决方案提供商。市场集中度较高，头部企业占据了80%的市场份额。

技术细节：
关键技术指标：处理延迟<100ms，准确率>99.9%，系统吞吐量>10000QPS。采用最新的微服务架构，支持容器化部署，具备强大的扩展能力和容错能力。

应用场景：
目前已在多个行业实现规模化应用，包括：制造业的智能生产线、金融业的风险控制系统、医疗行业的辅助诊断系统等。使用该技术的企业平均效率提升40%，成本降低25%。

发展趋势：
未来发展趋势主要体现在三个方面：1. 技术融合加深，与AI、5G等新技术深度结合；2. 应用场景扩展，向更多垂直领域渗透；3. 产业链整合，形成更完善的生态系统。

问题与挑战：
存在的问题主要有：技术成熟度有待提高、商业模式需要验证、行业标准不统一、人才储备不足等。这些问题需要产业链各方共同努力解决。
",278,long_input_long_output,物联网
"
以下是一份关于绿色能源的详细报告，请进行深入分析并给出详细报告：

背景介绍：
作为新兴技术领域的重要分支，该方向受到学术界和产业界的广泛关注。近五年来，相关研究论文数量增长了300%，专利申请数量更是翻了四倍。多个国际科技巨头也相继布局。

主要内容：
从技术发展来看，主要呈现出三个特点：第一，技术创新速度加快，新的突破持续涌现；第二，应用场景不断拓展，已渗透到各个行业；第三，产业生态逐步成熟，形成了完整的供应链。

技术细节：
核心技术架构包括：1. 分布式计算框架，支持大规模并行处理；2. 数据处理引擎，实现实时分析；3. 智能决策系统，提供自适应优化。系统性能达到业界领先水平，平均响应时间小于10ms。

应用场景：
典型应用场景包括：智慧城市建设、工业自动化、医疗诊断、金融风控等。其中，在智慧城市项目中，已实现交通流量优化、能源管理和环境监测等功能，效益显著。

发展趋势：
未来发展趋势主要体现在三个方面：1. 技术融合加深，与AI、5G等新技术深度结合；2. 应用场景扩展，向更多垂直领域渗透；3. 产业链整合，形成更完善的生态系统。

问题与挑战：
存在的问题主要有：技术成熟度有待提高、商业模式需要验证、行业标准不统一、人才储备不足等。这些问题需要产业链各方共同努力解决。
",303,long_input_long_output,绿色能源
